,# actor_name
0,Katharine Hepburn
1,Ingrid Bergman
2,Meryl Streep
3,Bette Davis
4,Vivien Leigh
5,Grace Kelly
6,Audrey Hepburn
7,Elizabeth Taylor
8,Sophia Loren
9,Marilyn Monroe
10,Greta Garbo
11,Mary Pickford
12,Rita Hayworth
13,Olivia de Havilland
14,Shirley MacLaine
15,Jane Fonda
16,Lauren Bacall
17,Natalie Wood
18,Sally Field
19,Judy Garland
20,Judi Dench
21,Julie Andrews
22,Barbara Stanwyck
23,Kate Winslet
24,Diane Keaton
25,Cate Blanchett
26,Joan Crawford
27,Maureen O'Hara
28,Ava Gardner
29,Claudette Colbert
30,Deborah Kerr
31,Jodie Foster
32,Myrna Loy
33,Doris Day
34,Ginger Rogers
35,Marlene Dietrich
36,Susan Hayward
37,Nicole Kidman
38,Carole Lombard
39,Natalie Portman
40,Joan Fontaine
41,Jean Arthur
42,Barbra Streisand
43,Mae West
44,Shirley Temple
45,Lillian Gish
46,Jean Harlow
47,Julianne Moore
48,Angelina Jolie
49,Penélope Cruz
50,Susan Sarandon
51,Sandra Bullock
52,Brigitte Bardot
53,Faye Dunaway
54,Julia Roberts
55,Halle Berry
56,Laura Linney
57,Charlize Theron
58,Hilary Swank
59,Catherine Deneuve
60,Julie Christie
61,Tilda Swinton
62,Kim Novak
63,Jessica Lange
64,Vanessa Redgrave
65,Helen Mirren
66,Diane Lane
67,Gena Rowlands
68,Shelley Winters
69,Anne Bancroft
70,Gwyneth Paltrow
71,Sissy Spacek
72,Jennifer Jones
73,Jessica Tandy
74,Glenn Close
75,Sharon Stone
76,Marisa Tomei
77,Marion Cotillard
78,Michelle Pfeiffer
79,Renée Zellweger
80,Geena Davis
81,Annette Bening
82,Frances McDormand
83,Jennifer Connelly
84,Kathy Bates
85,Audrey Tautou
86,Juliette Binoche
87,Sigourney Weaver
88,Ellen Burstyn
89,Keira Knightley
90,Meg Ryan
91,Patricia Clarkson
92,Catherine Zeta-Jones
93,Amy Adams
94,Helena Bonham Carter
95,Naomi Watts
96,Michelle Williams
97,Rachel Weisz
98,Anne Hathaway
99,Jessica Chastain
107,Greer Garson
130,Emma Thompson
140,Viola Davis
143,Holly Hunter
144,Jane Wyman
147,Luise Rainer
152,Talia Shire
153,Jennifer Lawrence
156,Robin Wright
158,Uma Thurman
159,Léa Seydoux
161,Scarlett Johansson
167,Vera Farmiga
169,Maggie Gyllenhaal
173,Winona Ryder
175,Carrie-Anne Moss
179,Carrie Fisher
181,Amanda Plummer
182,Naomie Harris
184,Rebecca Hall
185,Emma Stone
186,Juno Temple
188,Daryl Hannah
189,Rachel McAdams
191,Jennifer Garner
192,Emily Mortimer
194,Carey Mulligan
196,Diane Kruger
198,Mélanie Laurent
199,Julia Stiles
200,Margot Robbie
201,Melissa Leo
202,Toni Collette
203,Emma Watson
204,Olivia Williams
207,Catherine Keener
208,Rosanna Arquette
209,Alice Braga
211,Zoe Saldana
212,Elliot Page
213,Elle Fanning
214,Kerry Washington
215,Cameron Diaz
216,Maggie Smith
217,Kristen Wiig
218,Joan Allen
219,Elizabeth Banks
221,Rooney Mara
222,Jennifer Jason Leigh
223,Saoirse Ronan
225,Lucy Liu
226,Kirsten Dunst
227,Connie Nielsen
228,Michelle Monaghan
229,Kelly Macdonald
230,Allison Janney
231,Piper Perabo
232,Vivica A. Fox
233,Katie Holmes
234,Jennifer Ehle
236,Liv Tyler
237,Reese Witherspoon
238,Bridget Moynahan
239,Lea Thompson
240,Emily Blunt
241,Stephanie Kurtzuba
244,Amy Ryan
245,Rosamund Pike
246,Sarah Paulson
249,Emily Watson
250,Kim Basinger
251,Octavia Spencer
252,Marcia Gay Harden
253,Alison Pill
254,Anna Kendrick
257,Franka Potente
258,Karen Allen
259,Frances Fisher
260,Isla Fisher
261,Laura Dern
262,Sean Young
263,Kristen Stewart
264,Beverly D'Angelo
265,Mary Steenburgen
266,Maria Bello
267,Abbie Cornish
268,Dakota Fanning
269,Jennifer Morrison
270,Heather Graham
272,Kate Mara
274,Alexandra Maria Lara
275,Mia Wasikowska
276,Chloë Sevigny
277,Louise Fletcher
278,Bonnie Bedelia
279,Abigail Breslin
280,Mary McDonnell
281,Lorraine Bracco
282,Natascha McElhone
283,Helen Hunt
284,Shelley Duvall
285,Monica Bellucci
286,Bryce Dallas Howard
287,Kim Dickens
288,Dianne Wiest
289,Olivia Colman
290,Andrea Riseborough
291,Madeleine Stowe
292,Juliette Lewis
293,Marisa Paredes
295,Miranda Richardson
296,Ashley Judd
297,Thandiwe Newton
298,Radha Mitchell
300,Eva Green
301,Veronica Cartwright
303,Paula Patton
304,Patricia Arquette
305,Catherine McCormack
306,Mary-Louise Parker
307,Zazie Beetz
308,Mila Kunis
309,Freida Pinto
310,Clémence Poésy
311,Nathalie Baye
312,Sophie Marceau
313,Rene Russo
314,Janet Leigh
316,Vera Miles
317,Emmy Rossum
318,Diane Venora
320,Anna Paquin
321,Sally Hawkins
322,Alicia Vikander
323,January Jones
324,Julia Ormond
326,Eva Mendes
327,Julie Delpy
328,Hiam Abbass
330,Kristin Scott Thomas
332,Kelly Reilly
333,Anjelica Huston
334,Demi Moore
335,Maribel Verdú
336,Taraji P. Henson
338,Evan Rachel Wood
339,Linda Fiorentino
340,Brie Larson
342,Yeo-jeong Cho
343,So-dam Park
345,Salli Richardson-Whitfield
347,Cybill Shepherd
349,Andie MacDowell
350,Nicoletta Braschi
351,Saffron Burrows
353,Ziyi Zhang
354,Samantha Morton
355,Sylvia Hoeks
356,Teri Polo
357,Blythe Danner
358,Bridget Fonda
359,Gretchen Mol
360,Rachel Griffiths
361,Lorraine Gary
362,Ivana Baquero
363,Ariadna Gil
364,Noomi Rapace
365,Milla Jovovich
366,Regina King
367,Tabu
369,Charlotte Gainsbourg
370,Brenda Blethyn
371,Charlotte Rampling
372,Amanda Seyfried
373,Samantha Mathis
374,Kate Beckinsale
375,Anna Friel
376,Michelle Yeoh
377,Anamaria Marinca
378,Kate Ashfield
379,Famke Janssen
380,Chloë Grace Moretz
382,Adrianne Palicki
383,Elisabeth Röhm
384,Sienna Miller
385,Deborah Kara Unger
386,Miranda Otto
387,Martina Gedeck
388,Corinna Harfouch
389,Birgit Minichmayr
390,Ana de Armas
391,Valeria Golino
392,Joely Richardson
393,Whoopi Goldberg
394,Isabella Rossellini
395,Claudia Cardinale
396,Lili Taylor
397,Bérénice Bejo
398,Eva Marie Saint
400,Sophie Okonedo
401,Alicia von Rittberg
402,Lisa Kudrow
403,Kang Hye-jeong
405,Susanne Lothar
406,Karoline Herfurth
407,Katharine Ross
408,Thelma Ritter
409,Anna Faris
411,Rosemarie DeWitt
412,Paulette Goddard
413,Jamie Lee Curtis
414,Anne Heche
415,Linda Cardellini
416,Jessica Biel
417,Kate Hudson
418,Linda Hamilton
419,Jennifer Aniston
420,Mia Farrow
421,Lena Olin
422,Ruby Dee
423,Elizabeth McGovern
425,Cicely Tyson
426,Olivia Wilde
427,Agnes Moorehead
428,Pam Grier
429,Geraldine Chaplin
430,Kate Capshaw
431,Amy Smart
432,Marie-Josée Croze
433,Claire Danes
436,Donna Reed
437,Drew Barrymore
438,AJ Michalka
439,Ayelet Zurer
441,Emmanuelle Seigner
442,Shailene Woodley
443,Olga Kurylenko
444,Barbara Hershey
445,Keri Russell
446,Lucy Boynton
447,Emmanuelle Béart
448,Ingeborga Dapkunaite
450,Barbara Bel Geddes
452,Ruby Rose
453,Claudia Gerini
454,Joan Cusack
455,Molly Ringwald
456,Ally Sheedy
457,Hailee Steinfeld
458,Aitana Sánchez-Gijón
459,Felicity Jones
460,Hope Davis
461,Judy Davis
462,Salma Hayek
463,Mary Elizabeth Mastrantonio
466,Tuesday Weld
467,Sarah Jessica Parker
468,Teri Garr
469,Linda Blair
470,Greta Gerwig
471,Samara Weaving
473,Hannah Herzsprung
474,Elisabeth Shue
475,Belén Rueda
476,Felicity Huffman
477,Ko Asung
478,Lola Dueñas
479,Lubna Azabal
480,Ellen Barkin
481,Mary Elizabeth Winstead
482,Zoe Kazan
483,Sarah Polley
485,Frances O'Connor
486,Melinda Dillon
487,Angela Bassett
488,Maggie Cheung
489,Imelda Staunton
490,Juliane Köhler
491,Lisa Bonet
492,Alexandra Rapaport
493,Madeline Kahn
494,Kelly Preston
495,Sarah Silverman
497,Debbie Reynolds
499,Golshifteh Farahani
500,Ruth Gordon
501,Elizabeth Berridge
502,Elizabeth Debicki
504,Laura Harrier
505,Zooey Deschanel
506,Carroll Baker
507,Lake Bell
509,Bibi Andersson
510,Kate Bosworth
511,Marta Etura
512,Melanie Lynskey
513,Katrin Cartlidge
514,Candice Bergen
515,Charlotte Le Bon
516,Julia Fox
517,Idina Menzel
518,Laura Harring
519,Maya Rudolph
520,Kim Cattrall
521,Elizabeth Olsen
522,Haley Bennett
523,Jeanne Tripplehorn
524,Carmen Ejogo
525,Kim Hunter
526,Kelly McGillis
527,Diane Ladd
528,Kim Greist
529,Natalie Martinez
530,Leila Hatami
531,Virginia Madsen
532,Bae Doona
533,Xun Zhou
534,Catherine O'Hara
535,Vicky Krieps
536,Gong Li
537,Brittany Murphy
538,Wendy Hiller
539,Jessica Barden
540,Amanda Peet
542,Sarah Snook
544,Christina Ricci
545,Kathleen Turner
546,Gemma Arterton
547,Tippi Hedren
548,Gloria Swanson
549,Rose Byrne
550,Patricia Neal
551,Sara Forestier
552,Jane Alexander
553,Trine Dyrholm
554,Brigitte Helm
555,A.J. Cook
556,Virginie Ledoyen
557,Stockard Channing
558,Lesley Manville
559,Parker Posey
560,Piper Laurie
561,Penelope Ann Miller
562,Jill Clayburgh
563,Minnie Driver
564,Eliza Scanlen
565,Elisabeth Moss
566,Emmanuelle Riva
567,Leonor Watling
568,Joanne Woodward
569,Courtney Love
571,Amber Heard
572,Anouk Aimée
573,Julie Hagerty
574,Soledad Villamil
575,Valeria Bruni Tedeschi
576,Laura San Giacomo
577,Gillian Anderson
578,Mary McCormack
579,Marina Hands
580,Ana Wagener
581,Bárbara Lennie
583,Alida Valli
585,Anne Baxter
587,Fanny Ardant
588,Teresa Wright
589,Izabella Scorupco
590,Rebecca Ferguson
591,Olivia Newton-John
592,Eve Arden
593,Joan Blondell
594,Anne Consigny
595,Annabella Sciorra
596,Sylvia Sidney
597,Rachel Ticotin
598,Rosario Dawson
599,Amira Casar
600,Jennifer Beals
601,Manuela Velasco
602,Denise Richards
604,Nancy Allen
605,Brooke Adams
606,Katrin Saß
608,Thekla Reuten
609,Heather Langenkamp
610,Ronee Blakley
611,Blake Lively
613,Elsa Lanchester
614,Mary Astor
615,Lee Remick
616,Debra Winger
617,Marg Helgenberger
618,Danielle Panabaker
619,Isabelle Huppert
620,Gemma Jones
621,Liv Ullmann
622,Shu Qi
623,Mariel Hemingway
624,Alexa Davalos
625,Marisa Berenson
626,Regina Taylor
627,Anne-Marie Duff
628,Paprika Steen
629,Cecilia Roth
630,Caitriona Balfe
631,Amy Irving
632,Rebecca De Mornay
633,Ashanti
634,Emilie de Ravin
635,Svetlana Khodchenkova
636,Elena Anaya
637,Julia Louis-Dreyfus
638,Harriet Andersson
639,Julie Kavner
640,Ursina Lardi
641,Jessica Alba
642,Cécile de France
643,Celeste Holm
644,Mary Stuart Masterson
645,Markéta Irglová
646,Sandra Milo
647,Ana Torrent
648,Rosario Flores
649,Riley Keough
650,Dagmara Dominczyk
651,Irène Jacob
653,Jean Simmons
654,Edna Purviance
655,Jennifer Lopez
656,Ursula Andress
658,Giulietta Masina
659,Imogen Poots
660,Ludivine Sagnier
661,Kim Min-hee
662,Kim Tae-ri
663,Lindsay Lohan
664,Adrienne Barbeau
665,Carmen Maura
666,Jennifer Grey
667,Lori Petty
668,Björk
669,Ingrid Thulin
670,Elizabeth Peña
671,Kajol
672,Sue Lyon
673,Kaitlyn Dever
674,Maricel Álvarez
675,Christiane Paul
676,Melissa McCarthy
677,Cher
679,Coleen Gray
680,Andrea Sawatzki
681,Natalya Bondarchuk
682,Taraneh Alidoosti
683,Jacqueline Bisset
684,Kassie Wesley DePaiva
685,Lorraine Toussaint
686,Amy Madigan
687,Alison Brie
688,Irene Papas
689,Melonie Diaz
691,Greta Scacchi
692,Nora Navas
693,Sandy Dennis
694,Margot Kidder
695,Eileen Brennan
696,Lesley Ann Warren
697,Olympia Dukakis
698,Sylvie Testud
699,Florence Pugh
700,Jenny Agutter
701,Ornella Muti
702,Karin Viard
703,Marie-Laure Dougnac
704,Nia Vardalos
705,Steffi Kühnert
706,Lily James
707,Lily Cole
708,Kathryn Erbe
709,Illeana Douglas
710,Annie Girardot
711,Barbara Bach
712,Joan Chen
713,JoBeth Williams
714,Yolande Moreau
715,Shannyn Sossamon
716,Sondra Locke
717,Nastassja Kinski
718,Miou-Miou
719,Angela Lansbury
720,Selena Gomez
721,Megan Ferguson
722,Carice van Houten
723,Jean Seberg
724,Sandahl Bergman
725,Lee Grant
726,Natasha Richardson
727,Simone Signoret
728,Bojana Novakovic
729,Anita Ekberg
730,Sakura Andô
731,Kirin Kiki
732,Anne Archer
733,Aura Garrido
734,Nina Hoss
735,Mirjana Jokovic
736,Mirjana Karanovic
737,Sally Kellerman
738,Alba Rohrwacher
739,Kasia Smutniak
740,Maria Falconetti
741,Brigitte Lin
742,Mae Clarke
743,Solveig Dommartin
744,Carole Bouquet
745,Rita Tushingham
746,Alicia Silverstone
747,Goldie Hawn
748,Fay Wray
749,Beyoncé
750,Jennifer Hudson
751,Béatrice Dalle
752,Lil Dagover
753,Neve Campbell
754,Priscilla Lane
755,Angie Dickinson
756,Nanako Matsushima
757,Miki Nakatani
758,Yûko Takeuchi
760,Janet Gaynor
761,Pamela Anderson
762,Mira Sorvino
763,Leticia Brédice
764,Kerry Fox
765,Susan George
766,Lily Collins
768,Faye Wong
769,Kim Stanley
770,Gugu Mbatha-Raw
771,Lily Tomlin
772,Annie Ross
773,Lori Singer
774,Liza Minnelli
775,Yeong-hie Seo
777,Claire Bloom
778,Anne Dorval
779,Suzanne Clément
780,Lisa Blount
781,Lisa Eilbacher
782,Norah Jones
783,Natalie Morales
784,Linda Kozlowski
785,Seung-Yun Lee
786,Rosalind Russell
787,Agnieszka Grochowska
788,Nadia Farès
789,Dominique Sanda
790,Mary J. Blige
791,Julia Dietze
792,Mary Tyler Moore
793,Laetitia Casta
794,Adriana Ugarte
795,Hayley Atwell
796,Margaret Lockwood
797,Sibel Kekilli
798,Anne Parillaud
800,Melanie Griffith
801,Maud Adams
802,Valerie Hobson
803,Veerle Baetens
804,Oksana Akinshina
805,Madeleine Carroll
806,Grace Van Patten
807,Elizabeth Marvel
808,Mélanie Thierry
809,Mercedes Ruehl
810,Capucine
811,Sarah Miles
812,Laia Costa
813,Linda Zilliacus
814,Jung-ah Yum
815,Nimrat Kaur
816,Mary Beth Hurt
817,Julie Harris
818,Jo Van Fleet
819,Gene Tierney
820,Bárbara Goenaga
821,Agata Kulesza
822,Joanna Kulig
823,Keisha Castle-Hughes
824,Claire Trevor
825,Geneviève Page
826,Agnes Kittelsen
827,Merna Kennedy
829,Maria Schneider
830,Alexandra Vandernoot
831,Catherine Frot
832,Tatum O'Neal
833,Vanessa Kirby
834,Cherie Lunghi
835,Emma Catherine Rigby
836,Sandra Hüller
837,Jeanne Moreau
838,Dana Wynter
839,Misa Uehara
840,Rachel Roberts
841,Helena Zengel
844,Mia Sara
845,Celia Johnson
846,Judith Godrèche
847,Katja Riemann
848,Sidse Babett Knudsen
849,Johanna Wokalek
850,Nadja Uhl
851,Magali Noël
874,Adèle Exarchopoulos
915,Virginia Cherrill
929,Daisy Ridley
932,Lauren Cohan
941,Kaya Scodelario
942,Katherine Parkinson
945,Katheryn Winnick
946,Evangeline Lilly
948,Alyson Hannigan
957,Ali Larter
961,Jennifer Love Hewitt
969,Rebecca Romijn
974,Alexandra Daddario
980,Natasha Henstridge
985,Alice Eve
987,Sofía Vergara
988,Gabriella Wilde
991,Cobie Smulders
996,Jennifer Esposito
997,Elisha Cuthbert
1000,Alessandra Ambrosio
1003,Genesis Rodriguez
1004,Alexandra Breckenridge
1005,Rachael Taylor
1007,Kristen Bell
1009,Odette Annable
1010,Cara Delevingne
1013,Bella Thorne
1014,Morena Baccarin
1017,Rebecca Blumhagen
1018,Ali Cobrin
1020,Bella Heathcote
1021,Jaimie Alexander
1022,Kristin Kreuk
1023,Victoria Justice
1024,Gillian Jacobs
1025,Minka Kelly
1026,Michelle Borth
1027,Lucy Hale
1028,Tina Fey
1029,Jaime Ray Newman
1030,Alexis Bledel
1031,Amanda Righetti
1032,Sophia Bush
1033,Laura Ramsey
1034,Kelly Brook
1035,Sara Foster
1037,Eva Longoria
1038,Sienna Guillory
1040,Eliza Dushku
1042,Elizabeth Hurley
1043,Jennifer Tilly
1048,Zoë Kravitz
1049,Olivia Munn
1053,Karen Gillan
1054,Rhona Mitra
1065,Lena Headey
1067,Mandy Moore
1072,Maggie Q
1077,Carla Gugino
1078,Judy Greer
1081,Courteney Cox
1085,Gina Philips
1087,Monica Potter
1088,Ivana Milicevic
1091,Asia Argento
1093,Kelly Hu
1094,Francesca Rettondini
1095,Shiri Appleby
1096,Sophia Myles
1100,Alison Lohman
1101,Gabrielle Union
1102,Natalie Imbruglia
1104,KaDee Strickland
1105,Ashley Scott
1108,Brittany Daniel
1110,Amanda Bynes
1112,Jessica Stroup
1113,Sarah Roemer
1114,Rachel Nichols
1116,Maggie Grace
1117,Rose McGowan
1118,Jessica Simpson
1119,Lauren German
1120,Ashley Greene
1121,Liu Yifei
1123,Lizzy Caplan
1126,Moon Bloodgood
1127,Tricia O'Kelley
1128,Malin Akerman
1129,Jayma Mays
1131,Amanda Crew
1133,Kacey Clarke
1134,Brooklyn Decker
1135,Julie Bowen
1137,Janet Montgomery
1138,Olivia Thirlby
1139,Jordin Sparks Thomas
1140,Antje Traue
1141,Emma Roberts
1142,Gemma Ward
1143,Rosie Huntington-Whiteley
1144,Katharine McPhee
1148,Michelle Dockery
1149,Britt Robertson
1150,Nargis Fakhri
1152,Teresa Palmer
1153,Jane Levy
1154,Ella Purnell
1155,Jade Ewen
1157,Kelsey Asbille
1158,Allison Williams
1159,Astrid Bergès-Frisbey
1160,Eiza González
1161,Sofia Boutella
1162,Doutzen Kroes
1163,Shioli Kutsuna
1164,Olivia Culpo
1167,Sasha Luss
1168,Jordana Brewster
1169,Diora Baird
1170,Megan Fox
1171,Ming-Na Wen
1173,Caterina Murino
1174,Holly Valance
1175,Nathalie Emmanuel
1176,Claire Forlani
1177,Camille Guaty
1178,Angie Everhart
1179,Grace Park
1180,Isabella Leong
1181,Tao Okamoto
1183,Andréia Horta
1184,Camila Queiroz
1185,Amaia Salamanca
1186,Brooke Shields
1187,Cindy Crawford
1190,Romola Garai
1192,Kristanna Loken
1193,Emilia Clarke
1194,Molly Sims
1195,Krista Allen
1197,Rosa Salazar
1198,Annabelle Wallis
1199,Rachel Bilson
1200,Laura Haddock
1206,Gal Gadot
1236,Camilla Belle
1241,Odeya Rush
1255,Zoey Deutch
1264,Summer Glau
1266,Vanessa Hudgens
1269,AnnaSophia Robb
1271,Dakota Johnson
1274,Michelle Rodriguez
1275,Emily VanCamp
1277,Emily Ratajkowski
1281,Georgie Henley
1282,Chyler Leigh
1283,Tessa Thompson
1287,Emily Browning
1288,Nina Dobrev
1290,Jessica Lucas
1291,Caitlin Stasey
1292,Yvonne Strahovski
1294,Jessica Henwick
1297,Elizabeth Gillies
1298,Zendaya
1300,Melissa Benoist
1303,Katherine McNamara
1307,Marie Avgeropoulos
1309,Margaret Qualley
1310,Trieste Kelly Dunn
1311,Bailee Madison
1313,Katja Herbers
1318,Dianna Agron
1319,Camila Morrone
1320,Estella Warren
1321,Giorgia Whigham
1322,Meghan Markle
1323,Tamsin Egerton
1324,Melia Kreiling
1325,Katherine Heigl
1327,Kat Dennings
1328,Hannah Ware
1330,Phoebe Tonkin
1331,Anna Popplewell
1332,Elodie Yung
1335,Natalie Dormer
1336,Lorenza Izzo
1337,Julianne Hough
1341,Kelly Rohrbach
1342,Shelley Hennig
1346,Rachel Hurd-Wood
1348,Indiana Evans
1349,Mackenzie Foy
1350,Hayden Panettiere
1353,Isabel Lucas
1355,Lauren London
1356,Joey King
1357,Sarah Gadon
1358,Crystal Reed
1359,Maika Monroe
1360,Laura Vandervoort
1361,Lucy Fry
1362,Tine Stapelfeldt
1363,Gemma Atkinson
1364,Pihla Viitala
1365,Talulah Riley
1366,Kate Upton
1367,Brittany Snow
1370,Arielle Kebbel
1371,Eliza Taylor
1372,Nicola Peltz
1374,Aimee Teegarden
1376,Krysten Ritter
1378,Miley Cyrus
1379,Debby Ryan
1381,Katie Cassidy
1382,Ashley Benson
1383,Ingvild Deila
1385,Sofia Black-D'Elia
1386,Nazanin Boniadi
1387,Cynthia Addai-Robinson
1388,Hanna Mangan Lawrence
1389,Alexia Fast
1390,Sarah Dumont
1391,Halston Sage
1392,Alexis Knapp
1393,Abigail Spencer
1394,Lacey Chabert
1396,Juana Acosta
1397,Bárbara Mori
1400,Anya Taylor-Joy
1403,Kathryn McCormick
1404,Aubrey Plaza
1405,Julianna Guill
1406,Willa Ford
1409,Jenna Dewan
1410,Alyson Stoner
1411,Briana Evigan
1413,Lio Tipton
1415,Liana Liberato
1416,Nathalie Kelley
1417,Paulina Gaitan
1418,Ashley Olsen
1420,Bonnie Wright
1421,Lynn Collins
1423,Rachelle Lefevre
1424,Emma Booth
1425,Jaime King
1426,Emily Bett Rickards
1428,Mackenzie Davis
1429,Katherine Waterston
1430,Holliday Grainger
1434,Chasty Ballesteros
1435,Sarah Wright
1437,Sophie Turner
1438,Nora Zehetner
1439,Zulay Henao
1440,Kelen Coleman
1441,Lauren Shaw
1442,Kirsten Zien
1444,Débora Nascimento
1446,Billie Lourd
1447,Lea Michele
1448,Sofia Vassilieva
1449,Skyler Samuels
1450,Keke Palmer
1451,Ariel Winter
1452,Naomi Scott
1453,Adelaide Kane
1454,Hunter King
1455,Vanessa Marano
1456,Candice Patton
1458,Lily-Rose Depp
1459,Nadia Hilker
1461,Hermione Corfield
1463,Olivia Cooke
1464,Annalise Basso
1469,Katherine Langford
1470,Camila Mendes
1471,Kylie Bunbury
1472,Jennifer Carpenter
1474,Anne Winters
1475,Jodie Comer
1476,Samantha Logan
1478,Sosie Bacon
1479,Alisha Boe
1480,Laura Bailey
1481,Martina García
1482,Stephanie Corneliussen
1483,Pom Klementieff
1484,Lili Reinhart
1485,Angela Sarafyan
1486,Ashley Tisdale
1487,Millie Bobby Brown
1488,Quinn Shephard
1489,Tiera Skovbye
1490,Lola Le Lann
1491,Margarita Levieva
1492,Sofia Hublitz
1493,Julia Garner
1494,Ingrid Bolsø Berdal
1495,Lili Simmons
1498,Alyssa Diaz
1499,Kiernan Shipka
1500,Alison Sudol
1501,Isabela Merced
1502,Eve Hewson
1503,Claudia Kim
1504,Alycia Debnam-Carey
1505,Esme Creed-Miles
1506,Angourie Rice
1507,Alexandra Shipp
1508,Jessica Sula
1509,Martha Higareda
1510,Diane Guerrero
1511,Emma Appleton
1512,Roxanne McKee
1513,Leonardo DiCaprio
1514,Anthony Hopkins
1515,Al Pacino
1516,Morgan Freeman
1517,James Gandolfini
1518,Marlon Brando
1519,Denzel Washington
1520,Robert De Niro
1521,Chazz Palminteri
1522,Tom Hanks
1523,John Travolta
1524,Johnny Depp
1525,Mark Wahlberg
1526,James Franco
1527,Clive Owen
1528,Steve Buscemi
1529,John Hurt
1530,Forest Whitaker
1531,Jeff Bridges
1532,Adam Sandler
1533,Heath Ledger
1534,Michael Caine
1535,Clint Eastwood
1536,Eddie Murphy
1537,Jim Carrey
1538,James Frecheville
1539,Robert Englund
1540,Joel Edgerton
1541,Colin Firth
1542,Jason Statham
1543,Ben Stiller
1544,James Caan
1545,Robert Duvall
1546,Wesley Snipes
1547,Nicolas Cage
1548,Laurence Fishburne
1549,Shia LaBeouf
1550,Kevin Spacey
1551,Samuel L. Jackson
1552,Geoffrey Rush
1553,Ryan Reynolds
1554,Joseph Gordon-Levitt
1555,Dustin Hoffman
1556,Jack Nicholson
1557,Christopher Walken
1558,Joaquin Phoenix
1559,Elijah Wood
1560,Bruce Willis
1561,Nick Nolte
1562,Matt Damon
1563,Jackie Chan
1564,Ray Liotta
1565,Ben Affleck
1566,Mel Gibson
1567,Vincent Cassel
1568,Harrison Ford
1569,Jude Law
1570,Owen Wilson
1571,Colin Farrell
1572,Michael Imperioli
1573,Mars Callahan
1574,Will Smith
1575,Edward Norton
1576,Sylvester Stallone
1577,Danny Glover
1578,Tobin Bell
1579,John Cusack
1580,John Malkovich
1581,Christian Bale
1582,Jet Li
1583,Danny DeVito
1584,Sean Penn
1585,Philip Seymour Hoffman
1586,Cuba Gooding Jr.
1587,Matthew Broderick
1588,Tim Robbins
1589,Keanu Reeves
1590,Russell Crowe
1591,Ethan Hawke
1592,Dennis Hopper
1593,Benicio Del Toro
1594,Gerard Butler
1595,Joe Pesci
1596,Emile Hirsch
1597,Justin Timberlake
1598,Harvey Keitel
1599,Gary Oldman
1600,Liam Neeson
1601,Jake Gyllenhaal
1602,Robert Carlyle
1603,Viggo Mortensen
1604,Robert Downey Jr.
1605,Jamie Foxx
1606,George Clooney
1607,Kurt Russell
1608,Ryan Gosling
1609,Edward Furlong
1610,Don Cheadle
1611,Hugh Jackman
1618,Arnold Schwarzenegger
1620,Patrick Stewart
1622,Rowan Atkinson
1624,Tom Cruise
1630,Hugh Grant
1631,Chris Evans
1632,Ken Watanabe
1633,Ving Rhames
1634,Simon Pegg
1636,Steve Carell
1637,Tom Green
1638,David Thewlis
1639,Chris Rock
1641,Daniel Radcliffe
1642,Patrick Dempsey
1644,Sacha Baron Cohen
1645,David Spade
1646,Daniel Craig
1647,Pierce Brosnan
1648,Sean Connery
1649,Roger Moore
1650,Chevy Chase
1651,Seth Green
1652,Seth Rogen
1654,Robin Williams
1656,Jesse Eisenberg
1660,Brendan Fraser
1665,Sean Bean
1666,Ian McKellen
1668,Jack Black
1670,Will Ferrell
1671,Tim Curry
1674,Ben Kingsley
1675,Mike Myers
1677,Cary Grant
1678,Kevin James
1681,Tim Allen
1683,William H. Macy
1684,David Duchovny
1685,David Caruso
1687,Dylan Walsh
1689,Matthew Perry
1690,Chris Kattan
1691,Todd Graff
1692,Bill Hader
1693,Jim Parsons
1694,Charles Chaplin
1695,Zach Galifianakis
1696,Simon Helberg
1697,Neil Patrick Harris
1698,Chris Tucker
1699,Ed Helms
1700,Eugene Levy
1701,Seann William Scott
1702,Bill Murray
1703,Martin Lawrence
1704,Tyrese Gibson
1705,Ken Jeong
1706,Michael Cera
1709,Bradley Cooper
1710,Nick Frost
1712,Matthew McConaughey
1713,Dwayne Johnson
1714,Jason Bateman
1717,Vin Diesel
1719,Cillian Murphy
1720,Josh Lucas
1721,Lucas Till
1722,Eric Szmanda
1724,Orlando Bloom
1725,Hugh Laurie
1726,Antonio Banderas
1727,Justin Bartha
1728,Terrence Howard
1729,Gael García Bernal
1730,David Morse
1731,Mads Mikkelsen
1732,Kiefer Sutherland
1733,Ralph Fiennes
1735,David Niven
1736,Alec Guinness
1737,Alec Baldwin
1738,Robert Redford
1740,John Turturro
1741,Chris Pine
1742,Kevin Costner
1744,Chris Noth
1745,Edward Burns
1746,Richard Gere
1749,Sidney Poitier
1750,Matt Dillon
1751,Justin Long
1752,Dennis Quaid
1754,Willem Dafoe
1755,Taye Diggs
1756,Rufus Sewell
1758,Thomas Kretschmann
1759,Rupert Evans
1760,Ron Perlman
1761,William Fichtner
1762,Kevin Bacon
1763,Colin Ferguson
1764,Barry Pepper
1766,Luke Evans
1767,Bruno Ganz
1768,Josh Radnor
1769,Jason Segel
1771,Russell Brand
1776,Scott Caan
1777,Karl Urban
1780,Rupert Grint
1783,Chris Klein
1784,Jonathan Rhys Meyers
1785,Aaron Taylor-Johnson
1786,Sam Worthington
1788,Dean Martin
1789,Matt Dallas
1790,Vince Vaughn
1791,Jared Leto
1792,Tom Hardy
1793,Christoph Waltz
1794,Ewan McGregor
1796,Matthew Macfadyen
1798,Callum Keith Rennie
1799,Thomas Haden Church
1800,Guy Pearce
1802,Christopher Lee
1803,Christopher Lambert
1804,Mickey Rourke
1805,Liam Hemsworth
1806,Jean-Claude Van Damme
1808,Dolph Lundgren
1809,Chuck Norris
1810,Bruce Lee
1812,Andrew Garfield
1813,Tobey Maguire
1814,Tommy Lee Jones
1815,Channing Tatum
1816,Ray Park
1817,Jonathan Pryce
1818,Marlon Wayans
1819,Saïd Taghmaoui
1820,Mark Harmon
1821,Michael Weatherly
1822,David McCallum
1823,Sean Murray
1824,Joshua Jackson
1825,Lance Reddick
1826,John Noble
1827,Michael Cerveris
1828,Evan Handler
1829,Stephen Tobolowsky
1830,Jeffrey Tambor
1831,Mike Tyson
1832,Mike Epps
1833,Andy Garcia
1834,Brad Pitt
1835,Casey Affleck
1836,Til Schweiger
1837,Carl Reiner
1839,Bernie Mac
1840,Lee J. Cobb
1841,Henry Fonda
1842,Tony Curtis
1843,Paul Newman
1844,James Stewart
1845,Gregory Peck
1846,Richard Burton
1847,Zac Efron
1848,Humphrey Bogart
1849,Stan Laurel
1850,Paul Walker
1851,Chiwetel Ejiofor
1853,Ben Foster
1854,David Wenham
1855,Jeffrey Dean Morgan
1856,Hugh Dancy
1857,Michael Kelly
1858,Woody Harrelson
1859,Tom Sizemore
1860,Eli Roth
1861,Michael Fassbender
1862,Daniel Brühl
1863,Gedeon Burkhard
1864,Erdogan Atalay
1866,David Carradine
1867,Chia-Hui Liu
1868,Spencer Tracy
1869,John Cazale
1870,Daniel Day-Lewis
1871,Richard Dean Anderson
1872,Peter Lorre
1873,Robert Shaw
1874,William Holden
1875,Steve McQueen
1876,John Wayne
1877,Charles Bronson
1878,Jean Gabin
1879,Peter Ustinov
1883,Billy Crystal
1886,Ulrich Mühe
1887,Armin Mueller-Stahl
1889,Alan Arkin
1890,Burt Lancaster
1891,Gene Hackman
1893,Dennis Farina
1894,Charlie Day
1895,Macaulay Culkin
1896,Chi McBride
1897,Chris Hemsworth
1899,James Dean
1900,JJ Feild
1901,Kunal Nayyar
1903,Jon Favreau
1904,Dominic Monaghan
1905,Sean Astin
1906,Billy Boyd
1907,Jay Baruchel
1908,Jonah Hill
1909,Martin Starr
1910,Alan Tudyk
1911,Harold Ramis
1912,Jon Heder
1913,Danny Trejo
1915,Val Kilmer
1916,Ashton Kutcher
1917,Charlie Sheen
1918,Zach Braff
1919,Richard Kiel
1920,Zeljko Ivanek
1921,Clancy Brown
1922,Shaun Toub
1923,Cliff Curtis
1924,Michael Shanks
1925,Don S. Davis
1926,Christopher Judge
1927,Dan Shea
1928,Ben Browder
1929,Beau Bridges
1930,Tony Amendola
1931,Cliff Simon
1932,Brent Spiner
1933,Jonathan Frakes
1934,LeVar Burton
1935,Michael Dorn
1936,Wil Wheaton
1937,Colm Meaney
1938,Rene Auberjonois
1939,Robert Beltran
1940,Robert Duncan McNeill
1941,Tim Russ
1942,Robert Picardo
1943,Ethan Phillips
1944,Craig Robinson
1945,Adewale Akinnuoye-Agbaje
1946,Mr. T
1947,Courtney B. Vance
1948,D.B. Woodside
1949,Sharlto Copley
1950,James Woods
1952,Eli Wallach
1953,Lee Van Cleef
1954,Mathieu Amalric
1955,Mark Hamill
1956,Omar Sharif
1957,Billy Dee Williams
1958,Frank Oz
1959,Ian McDiarmid
1960,Peter O'Toole
1963,Jack Lemmon
1965,Christopher Plummer
1966,Paul Giamatti
1967,John Hawkes
1969,Kevin Kline
1970,Woody Allen
1971,Michael Douglas
1972,Billy Bob Thornton
1973,Martin Sheen
1974,Peter Sellers
1975,Jon Voight
1976,John Cleese
1977,Terry Gilliam
1978,Eric Idle
1979,Terry Jones
1980,Michael Palin
1981,Graham Chapman
1982,Conan O'Brien
1983,Ricky Gervais
1984,Dan Aykroyd
1985,Gene Wilder
1986,David Cross
1987,Leslie Nielsen
1988,Paul Reubens
1989,Mel Brooks
1990,Dick Van Dyke
1991,John Candy
1992,Steve Coogan
1993,Martin Short
1994,Craig Ferguson
1995,Richard Pryor
1996,John Belushi
1997,Bill Cosby
1998,Jerry Stiller
1999,Cheech Marin
2000,Don Johnson
2001,Walter Matthau
2002,Leonard Nimoy
2003,William Shatner
2004,DeForest Kelley
2005,James Doohan
2006,George Takei
2007,Kevin Sorbo
2008,Jerry Doyle
2009,Andrew Lincoln
2010,Tim Roth
2012,Alfred Molina
2013,Michael Madsen
2014,Chris Penn
2015,Lawrence Tierney
2016,Kirk Baltz
2017,Burr Steers
2018,Paul Calderon
2019,Michael Keaton
2020,Armand Assante
2021,Jason Priestley
2022,Brian Austin Green
2023,Liev Schreiber
2025,Lochlyn Munro
2026,Chris Elliott
2027,Sean 'Diddy' Combs
2028,Marshall Manesh
2029,Wayne Brady
2030,Amr Waked
2031,Kayvan Novak
2032,Jeffrey Wright
2033,Robert Foxworth
2034,Simon Quarterman
2035,Gerald McRaney
2036,Tom Wilkinson
2037,Tzi Ma
2038,Mark Rolston
2039,Rex Linn
2040,Philip Baker Hall
2041,Riz Ahmed
2042,Noel Clarke
2043,Yasiin Bey
2044,Jean Reno
2045,Kad Merad
2046,Faizon Love
2047,Sung Kang
2048,Andy Samberg
2049,Jorma Taccone
2050,Alex Pettyfer
2051,Michael Bolton
2052,Johnny Whitworth
2053,Paul Bettany
2054,Gérard Jugnot
2055,François Berléand
2056,Mark Strong
2058,Aaron Eckhart
2059,Adam Arkin
2060,Alexis Cruz
2061,André Dussollier
2062,Andy Lau
2063,Anthony Anderson
2064,Anthony Edwards
2065,Anthony LaPaglia
2066,BD Wong
2067,Barry Del Sherman
2068,Basil Wallace
2069,Ben Barnes
2070,Ben Chaplin
2071,Bill Nighy
2072,Bill Pullman
2073,Bob Balaban
2074,Bob Hoskins
2075,Brandon T. Jackson
2076,Brandon Lee
2077,Bruce McGill
2078,Brían F. O'Byrne
2079,Burt Reynolds
2080,Lee Byung-hun
2081,Cary Elwes
2082,Christopher McDonald
2083,Clark Duke
2084,Daniel Stern
2085,Dany Boon
2086,Derek Jacobi
2087,Derek de Lint
2088,Diedrich Bader
2089,Diego Luna
2090,Drake Bell
2091,Eddie Marsan
2092,Edward Fox
2093,Eric Bana
2094,Ewen Bremner
2095,François Truffaut
2096,Garret Dillahunt
2097,Garrett Hedlund
2098,Gary Coleman
2099,Gary Sinise
2100,Gene Kelly
2101,George Carlin
2102,George Segal
2103,Gerard McSorley
2104,Giovanni Ribisi
2105,Graham Greene
2106,Greg Kinnear
2107,Gérard Lanvin
2108,Herbert Grönemeyer
2109,Gert Fröbe
2110,August Diehl
2111,Klaus Maria Brandauer
2112,Klaus Kinski
2113,Moritz Bleibtreu
2114,Jürgen Vogel
2115,Christian Berkel
2116,Ulrich Matthes
2117,Vicco von Bülow
2118,Uwe Ochsenknecht
2119,Udo Kier
2120,Ralf Moeller
2121,James McAvoy
2122,Terence Stamp
2123,Common
2124,David O'Hara
2125,Marc Warren
2126,Konstantin Khabenskiy
2127,Sebastian Koch
2128,John Gielgud
2129,Melvyn Douglas
2130,Michael J. Fox
2131,John Mills
2132,Louis de Funès
2133,Kirk Douglas
2134,Ben Johnson
2135,Charlton Heston
2136,Harry Dean Stanton
2137,George C. Scott
2138,Joel Grey
2139,Jean-Paul Belmondo
2140,Albert Finney
2142,Louis Gossett Jr.
2143,Richard Dreyfuss
2144,Gérard Depardieu
2146,William Hurt
2147,Hugo Weaving
2148,Emilio Estevez
2149,Tony Chiu-Wai Leung
2150,Jim Caviezel
2151,Christian Slater
2198,Jeremy Renner
2222,Mark Ruffalo
2229,Thomas Jane
2249,Taylor Kitsch
2250,Anton Yelchin
2252,Taylor Lautner
2253,Logan Lerman
2257,Freddie Highmore
2258,Charlie McDermott
2259,Dave Franco
2262,Jamie Campbell Bower
2264,Karl Yune
2265,Henry Cavill
2269,Michael Welch
2271,Harry Styles
2273,Callan McAuliffe
2274,Zayn Malik
2275,Niall Horan
2278,Steven R. McQueen
2280,Zach Roerig
2281,Mathew Davis
2282,Tyler Posey
2283,Michael B. Jordan
2284,Louis Tomlinson
2285,Austin Butler
2287,Ian Somerhalder
2289,Colton Haynes
2291,Alex Meraz
2293,Cody Longo
2294,Norman Reedus
2295,Peter Facinelli
2296,Tyler Blackburn
2303,Jake Abel
2305,Adam Brody
2306,Allan Hyde
2307,Austin Nichols
2309,Cam Gigandet
2311,James Marsden
2312,Shawn Ashmore
2313,Tom Hiddleston
2314,Tom Felton
2315,Sean Biggerstaff
2316,Josh Dallas
2317,Dakota Goyo
2318,Alexander Ludwig
2319,Brandon Beemer
2320,Dean Geyer
2321,Jeremy Sumpter
2322,Kellan Lutz
2323,Josh Duhamel
2324,Matt Bomer
2325,Max Thieriot
2326,Cayden Boyd
2327,Robbie Amell
2328,Eddie Redmayne
2329,Nicholas Hoult
2330,Max Irons
2331,Douglas Booth
2333,Ryan Merriman
2334,Raviv Ullman
2335,Dylan Sprouse
2336,Patrick Schwarzenegger
2337,Avan Jogia
2338,Tyler Hoechlin
2339,William Levy
2340,Alec Hogan
2341,Alexander De Jordy
2342,Asher Monroe
2344,Brando Eaton
2345,Brandon Quinn
2346,Cameron Palatas
2347,Chace Crawford
2348,Chase Ellison
2349,Cody Christian
2350,Cody Simpson
2357,Laurence Olivier
2360,Fredric March
2361,Paul Muni
2362,Clark Gable
2370,James Mason
2378,Errol Flynn
2382,Rod Steiger
2389,Walter Huston
2391,James Cagney
2392,Jason Robards
2393,Charles Laughton
2395,Cedric Hardwicke
2397,Claude Rains
2402,Richard Harris
2405,Lionel Barrymore
2406,Gary Cooper
2407,Rex Harrison
2408,Anthony Quinn
2409,Edward G. Robinson
2411,John Garfield
2413,Orson Welles
2414,Karl Malden
2415,Glenn Ford
2418,Montgomery Clift
2419,Burgess Meredith
2420,George Sanders
2423,Dana Andrews
2424,James Garner
2426,Roy Scheider
2427,Ed Begley
2430,James Earl Jones
2431,Jack Palance
2433,Robert Mitchum
2434,Alan Ladd
2436,Mickey Rooney
2437,Raymond Massey
2438,Rod Taylor
2452,Cole Hauser
2453,Taylor Sheridan
2454,Alex Hassell
2455,Jesse Plemons
2457,Simu Liu
2458,John Cho
2460,Timothée Chalamet
2461,Josha Stradowski
2462,Ridley Scott
2464,Art LaFleur
2466,Tony Dalton
2467,Mustafa Shakir
2469,Daniel Henney
2470,Luke Grimes
2471,Chris Diamantopoulos
2476,Benedict Cumberbatch
2478,Adam Driver
2479,Tom Holland
2482,Caleb Landry Jones
2483,Lee Pace
2485,Paul Rudd
2486,Barry Keoghan
2487,Tyler Hynes
2488,Mason Alexander Park
2489,Jack Whitehall
2490,Will Poulter
2492,Alexandre Willaume
2494,Jack Alcott
2495,Alexander Skarsgård
2496,Finn Wolfhard
2499,Barney Harris
2500,Kieran Culkin
2501,Oscar Isaac
2854,Anya Chalotra
2856,Erin Moriarty
2858,Aidan Gallagher
2862,Maria Bakalova
2863,Lauren Lapkus
2864,Victoria Pedretti
2865,Jurnee Smollett
2866,Chadwick Boseman
2872,Alba Baptista
2874,Taika Waititi
2875,Antony Starr
2880,Sam Claflin
2884,Sophia Lillis
2887,Freya Allan
2888,Gina Carano
2889,Robert Sheehan
2890,Diana Silvers
2891,Pedro Pascal
2892,Aya Cash
2893,Bong Joon Ho
2895,Betty Gilpin
2898,Alexander Dreymon
2900,Fred Willard
2902,Robert Pattinson
2906,Madelyn Cline
2907,Hannah John-Kamen
2908,Christopher Nolan
2910,Emma Mackey
2911,Thomas Brodie-Sangster
2912,Tom Pelphrey
2913,JoAnna Garcia Swisher
2920,Oliver Jackson-Cohen
2921,Ritu Arya
2922,Gustaf Skarsgård
2923,Jonathan Groff
2924,Tom Hopper
2927,Dan Stevens
2930,Harry Melling
2931,Iliza Shlesinger
2934,Chase Stokes
2938,Jessie Buckley
2940,Dan Levy
2941,Ashley Johnson
2942,Travis Fimmel
2943,Asa Butterfield
2946,George MacKay
2947,Laysla De Oliveira
2949,Jackie Sandler
2950,Taylor Zakhar Perez
2951,Emily Hampshire
2972,Shah Rukh Khan
2997,Setsuko Hara
3007,Marcello Mastroianni
3030,Toshirô Mifune
3032,Mohanlal
3073,Donald Sutherland
3089,Norma Shearer
3090,Bette Midler
3092,Anna Magnani
3096,Glenda Jackson
3107,Steve Martin
3108,Javier Bardem
3124,Ed Harris
3138,Mercedes McCambridge
3150,Shirley Booth
3154,Patrick Swayze
3162,William Powell
3165,Groucho Marx
3167,Buster Keaton
3169,Fred Astaire
3177,Carol Burnett
3181,Carmen Miranda
3208,Adrien Brody
3209,Roberto Benigni
3210,Jeremy Irons
3211,F. Murray Abraham
3213,Peter Finch
3214,Art Carney
3215,Cliff Robertson
3216,Lee Marvin
3219,Maximilian Schell
3223,Yul Brynner
3224,Ernest Borgnine
3232,Alexis Thorpe
3233,Marion Davies
3244,Fairuza Balk
3247,Julie Walters
3252,José Ferrer
3253,Broderick Crawford
3254,Ronald Colman
3256,Ray Milland
3257,Bing Crosby
3258,Paul Lukas
3259,Robert Donat
3261,Victor McLaglen
3263,Wallace Beery
3265,Jeff Goldblum
3267,Warner Baxter
3268,Emil Jannings
3269,Chris Cooper
3270,Jim Broadbent
3271,James Coburn
3273,Martin Landau
3276,Don Ameche
3288,Betty White
3289,Geraldine Page
3292,Leighton Meester
3302,Haing S. Ngor
3305,Timothy Hutton
3308,George Burns
3313,Jack Albertson
3315,George Kennedy
3317,Martin Balsam
3320,George Chakiris
3321,Hugh Griffith
3322,Burl Ives
3323,Red Buttons
3324,Edmond O'Brien
3325,Chris Pratt
3326,Frank Sinatra
3332,Judy Holliday
3333,Loretta Young
3334,Shirley Jones
3336,Helen Hayes
3337,Marie Dressler
3339,Lupita Nyong'o
3342,Mo'Nique
3343,Marlee Matlin
3351,Brenda Fricker
3354,Dean Jagger
3356,Edmund Gwenn
3357,Harold Russell
3359,Barry Fitzgerald
3360,Charles Coburn
3361,Van Heflin
3362,Donald Crisp
3363,Thomas Mitchell
3364,Walter Brennan
3365,Joseph Schildkraut
3378,Peggy Ashcroft
3379,Linda Hunt
3380,Maureen Stapleton
3382,Beatrice Straight
3385,Eileen Heckart
3386,Cloris Leachman
3388,Estelle Parsons
3393,Patty Duke
3394,Rita Moreno
3396,Miyoshi Umeki
3397,Dorothy Malone
3400,Gloria Grahame
3407,Jean Dujardin
3423,Tyler Perry
3427,Thora Birch
3431,Queen Latifah
3432,Ethel Barrymore
3436,Jane Darwell
3440,Gale Sondergaard
3448,June Squibb
3450,Kaley Cuoco
3453,Charlie Hunnam
3456,Bryan Cranston
3463,Peter Dinklage
3469,Frank Langella
3471,David Strathairn
3475,Richard Farnsworth
3482,Rebel Wilson
3488,Ida Lupino
3496,Jamie Chung
3502,Peter Fonda
3505,Idris Elba
3506,Nigel Hawthorne
3508,Stephen Rea
3509,Warren Beatty
3512,Kenneth Branagh
3513,Edward James Olmos
3514,Max von Sydow
3515,Bruce Dern
3520,Sam Waterston
3521,Tom Hulce
3523,Tom Conti
3524,Tom Courtenay
3525,Dudley Moore
3528,Priyanka Chopra Jonas
3536,Raquel Welch
3538,Gabourey Sidibe
3549,Whitney Houston
3554,Miles Teller
3558,Anthony Perkins
3561,Malcolm McDowell
3562,Ray Winstone
3564,Andy Serkis
3567,Michael Rooker
3568,Vincent Gallo
3571,J.K. Simmons
3572,Boris Karloff
3575,Paddy Considine
3576,Ryan Phillippe
3580,Catalina Sandino Moreno
3585,Janet McTeer
3586,Fernanda Montenegro
3594,Lucille Ball
3596,Pauline Collins
3597,Isabelle Adjani
3599,Sally Kirkland
3601,Marsha Mason
3605,Chow Yun-Fat
3606,Seth MacFarlane
3608,John Houseman
3611,Sam Rockwell
3612,Takashi Shimura
3613,Richard E. Grant
3617,Michael Shannon
3619,Christopher Guest
3620,Alan Rickman
3621,Jackie Earle Haley
3622,Gig Young
3623,James Spader
3625,Romain Duris
3627,Jacki Weaver
3631,Kathleen Quinlan
3636,Adriana Barraza
3637,Rinko Kikuchi
3642,Shohreh Aghdashloo
3644,Michelle Trachtenberg
3646,Lynn Redgrave
3650,Robin Weigert
3654,John Rhys-Davies
3655,Jean-Louis Trintignant
3656,Joseph Cotten
3658,Erich von Stroheim
3659,Patrick Wilson
3660,Christopher Lloyd
3662,Joel McCrea
3663,Choi Min-sik
3668,Irrfan Khan
3669,Michael C. Hall
3672,Gary Busey
3674,Jeff Daniels
3675,Stanley Tucci
3691,Jane Seymour
3692,Gloria Stuart
3702,Josh Brolin
3703,Hal Holbrook
3704,Djimon Hounsou
3706,Alan Alda
3710,Suraj Sharma
3711,John C. Reilly
3712,Michael Clarke Duncan
3713,Haley Joel Osment
3716,Robert Forster
3717,Jason Schwartzman
3721,James Cromwell
3724,Paul Scofield
3725,Pete Postlethwaite
3727,Jada Pinkett Smith
3730,Hattie McDaniel
3733,Bonnie Hunt
3734,Leslie Mann
3735,Mindy Kaling
3737,Amy Poehler
3746,Christina Applegate
3747,Nia Long
3749,Téa Leoni
3751,Jena Malone
3791,John Carroll Lynch
3807,Ian Holm
3828,John Goodman
3830,Mykelti Williamson
3832,Brendan Gleeson
3833,Paul Dano
3834,Stellan Skarsgård
3849,Kyle Chandler
3958,Elliott Gould
3970,Michael Stuhlbarg
3971,Matthew Modine
3973,Sterling Hayden
3979,Franco Nero
3980,David Oyelowo
3983,Ben Whishaw
3994,Tom Berenger
3996,Domhnall Gleeson
4000,Michael Sheen
4001,Sam Shepard
4002,Rutger Hauer
4010,Bill Paxton
4018,Timothy Spall
4019,Mahershala Ali
4020,Danny Aiello
4022,John Lithgow
4027,Richard Conte
4032,Michael Nyqvist
4048,Shea Whigham
4050,Josh Hutcherson
4053,Topher Grace
4059,Gabriel Byrne
4066,Jason Clarke
4067,Danny Huston
4070,David Hemmings
4071,Rupert Graves
4072,Jesper Christensen
4073,Michael Biehn
4083,Alexander Fehling
4089,Peter Sarsgaard
4093,Dev Patel
4104,Matthew Goode
4114,Karl Markovics
4117,Adam Baldwin
4119,Mark Rylance
4120,Stephen Baldwin
4123,Justin Theroux
4125,Oliver Reed
4126,Richard Jenkins
4127,Billy Crudup
4129,Florian Lukas
4130,Tom Skerritt
4131,Michael Peña
4132,Jim Sturgess
4133,Jack Warden
4139,James D'Arcy
4146,Giancarlo Giannini
4153,Aksel Hennie
4155,François Cluzet
4160,Burghart Klaußner
4162,Jürgen Prochnow
4164,Armie Hammer
4169,Sam Neill
4170,Omar Sy
4175,Horst Buchholz
4176,Josh Hartnett
4187,Treat Williams
4191,Zachary Quinto
4193,Bruce Greenwood
4196,Kang-ho Song
4197,Sun-kyun Lee
4198,Woo-sik Choi
4201,Griffin Dunne
4204,Dermot Mulroney
4205,Sergi López
4207,Rhys Ifans
4208,Dennis Haysbert
4210,Jamie Bell
4221,John Savage
4225,Conrad Veidt
4226,Demián Bichir
4227,Lucas Hedges
4228,Matthias Habich
4230,Timothy Dalton
4233,Mandy Patinkin
4234,Ulrich Thomsen
4235,Tómas Lemarquis
4236,Donald Pleasence
4237,Joseph Fiennes
4238,Isaach De Bankolé
4241,Paul Henreid
4242,Aidan Quinn
4243,Jack Thompson
4245,Fares Fares
4248,Noah Segan
4249,Ulrich Tukur
4252,Yoo Ji-Tae
4253,Rami Malek
4254,Rupert Friend
4260,Ricardo Darín
4263,Matthias Schoenaerts
4265,Gunnar Björnstrand
4270,Michael Pitt
4271,Michael Lonsdale
4273,Thomas Bo Larsen
4277,Ben Gazzara
4278,Pilou Asbæk
4279,Riccardo Scamarcio
4280,David Kross
4281,Alden Ehrenreich
4282,Gian Maria Volontè
4289,Chris Sarandon
4291,William Atherton
4294,River Phoenix
4298,Peter Coyote
4300,Niels Arestrup
4302,Shahab Hosseini
4303,Heino Ferch
4304,Anatoliy Solonitsyn
4306,Fred MacMurray
4308,Leslie Howard
4309,Nikolaj Coster-Waldau
4311,Ralph Macchio
4312,Sebastian Stan
4319,Ulrich Noethen
4320,Otto Sander
4321,Merab Ninidze
4323,Dominic West
4325,Kyle MacLachlan
4326,Ron Livingston
4329,Stipe Erceg
4332,Sam Riley
4334,John David Washington
4335,John Cassavetes
4337,George Raft
4339,Bud Cort
4340,Chris O'Donnell
4342,Philippe Noiret
4343,Edgar Ramírez
4344,Jose Coronado
4347,Donald O'Connor
4348,Daniel Olbrychski
4350,Nick Stahl
4352,Aamir Khan
4353,Farley Granger
4356,Ryan O'Neal
4357,Dominic Cooper
4361,Leonardo Sbaraglia
4363,Trevor Howard
4364,Gustav Fröhlich
4366,Brian Gleeson
4371,Vittorio Gassman
4372,Sönke Möhring
4374,Julian Sands
4375,Tatsuya Nakadai
4376,Adolphe Menjou
4378,Robert Ryan
4379,Robert Hays
4381,Pruitt Taylor Vince
4382,Hardy Krüger
4385,Javier Cámara
4389,Mario Casas
4391,Elyas M'Barek
4393,Simon Russell Beale
4394,George Peppard
4395,Eduardo Noriega
4396,Fernando Cayo
4399,Jean-Pierre Cassel
4400,Fele Martínez
4401,Ha Jung-woo
4403,Michael Gwisdek
4404,John Saxon
4409,Daniel Giménez Cacho
4411,Sean Gullette
4413,Dane Cook
4414,Darren McGavin
4416,Robbie Coltrane
4417,Ian Richardson
4418,Jason Flemyng
4419,Taron Egerton
4421,Tahar Rahim
4422,Christopher Reeve
4423,Robert Cummings
4424,Alex Sharp
4426,Tim Blake Nelson
4427,Frederick Lau
4429,Lillo Brancato
4430,Emory Cohen
4432,Ossie Davis
4433,Kim Sang-kyung
4434,Roe-ha Kim
4436,Juan Minujín
4438,Thomas Turgoose
4439,Robert Vaughn
4440,Tom Schilling
4442,Peter Weller
4444,Glen Hansard
4446,Timothy Bottoms
4449,Bill Skarsgård
4450,Jerry Lewis
4452,Tony Shalhoub
4453,Robert Walker
4454,Curd Jürgens
4457,Jackie Coogan
4458,Jeffrey Hunter
4459,Ralph Richardson
4464,Telly Savalas
4465,Tyrone Power
4466,Predrag 'Miki' Manojlovic
4469,Greg Wise
4471,Fernando Rey
4473,Richard Widmark
4474,Topol
4477,Kumail Nanjiani
4479,Fernando Fernán Gómez
4482,Jack Carson
4483,John Gallagher Jr.
4485,Max Riemelt
4487,Kevin McCarthy
4488,Ken Foree
4489,Sebastian Urzendowsky
4490,Jean-Pierre Léaud
4491,Max Schreck
4492,Marwan Kenzari
4493,Judd Hirsch
4494,Michael York
4495,Donatas Banionis
4497,Bruce Campbell
4498,Dan Hicks
4499,Edward Arnold
4500,Kris Kristofferson
4502,Robert Wagner
4505,Charlie Plummer
4506,Rupert Everett
4507,James Norton
4509,Michael Beck
4510,Oskar Werner
4511,Gaspard Ulliel
4512,Dominique Pinon
4513,Dennis Dun
4514,John Corbett
4515,Toni Servillo
4516,Himesh Patel
4517,Larry David
4519,Daniel Auteuil
4520,John Lone
4521,Laurence Harvey
4523,Craig Roberts
4528,Louis Garrel
4529,Brad Davis
4530,Paul Meurisse
4531,Lily Franky
4532,Hugo Silva
4533,Jim Brown
4534,Rob Morrow
4535,Richard Basehart
4537,Federico Luppi
4538,Luis Tosar
4539,Lazar Ristovski
4540,Giuseppe Battiston
4541,Marco Giallini
4542,Lew Ayres
4543,William Baldwin
4544,Peter Falk
4547,William Petersen
4549,Werner Krauss
4553,Yutaka Matsushige
4555,George O'Brien
4556,Samuel Le Bihan
4557,Jérémie Renier
4559,Dennis Weaver
4560,Gastón Pauls
4561,Zbigniew Zamachowski
4562,Janusz Gajos
4563,Jerzy Stuhr
4564,Bruce Davison
4565,Fred Ward
4567,Peter Gallagher
4568,Helmut Griem
4569,Jean Rochefort
4570,Kim Yoon-seok
4571,Herbert Lom
4573,Antoine Olivier Pilon
4574,David Warner
4575,Chishû Ryû
4576,David Keith
4578,The Marx Brothers
4579,Paul Hogan
4580,Jakob Cedergren
4581,Hee Jae
4582,Michael Rennie
4584,Jason Mitchell
4585,Chino Darín
4586,Javier Gutiérrez
4587,Álvaro Morte
4588,John Hannah
4589,John Lynch
4590,Hayden Christensen
4591,Michael Redgrave
4592,Yves Montand
4593,Birol Ünel
4595,Louis Jourdan
4596,Anthony Quayle
4597,Johan Heldenbergh
4599,Delroy Lindo
4600,Jonathan Majors
4602,Stuart Whitman
4603,Dirk Bogarde
4605,Franz Rogowski
4606,Bela Lugosi
4607,Andreas Wilson
4608,Henrik Lundström
4610,Mikael Persbrandt
4612,Basil Rathbone
4613,Claes Bang
4614,Kim Kap-su
4615,Alain Delon
4616,Clifton Webb
4617,Vincent Price
4618,Karra Elejalde
4621,Mikkel Boe Følsgaard
4622,Dawid Ogrodnik
4623,Matthew Davis
4624,Michel Piccoli
4625,Pål Sverre Hagen
4626,Anders Baasmo Christiansen
4627,Wotan Wilke Möhring
4628,Harry Belafonte
4629,Thierry Lhermitte
4630,Jacques Villeret
4631,Jon Finch
4632,Nigel Terry
4633,Tom Payne
4634,Olivier Martinez
4635,Peter Simonischek
4636,Asier Etxeandia
4637,Matt Smith
4639,John Payne
4640,Oliver Masucci
4641,Christoph Maria Herbst
4642,Raf Vallone
4643,Jan Josef Liefers
5772,Sterling K. Brown
5774,Ben Mendelsohn
5794,Claire Foy
5799,Tatiana Maslany
5804,Carrie Coon
5812,LaKeith Stanfield
5819,Bob Odenkirk
5822,Matthew Rhys
5823,Martin Freeman
5825,Daniel Kaluuya
5827,Gina Rodriguez
5841,Tiffany Haddish
5844,Janelle Monáe
5845,Letitia Wright
